word,confidence,bbox
GREATEST,96.22603607177734,"0,3,862,135"
WORLD'S,16.72570037841797,"926,0,1669,139"
FAIR,22.2376708984375,"1692,0,2483,176"
OPENS,96.8471908569336,"360,177,875,335"
ITS,96.02950286865234,"896,177,1167,335"
GATES,96.87841033935547,"1221,179,1731,286"
TO-DAY.,68.36942291259766,"1793,180,2386,285"
