word,confidence,bbox
“MAN,90.3167724609375,"17,29,431,126"
COULD,96.90544128417969,"515,30,1037,128"
BUILD,96.491546630859375,"1116,29,1596,129"
CIVILIZATION,96.08283233642578,"369,163,1423,294"
“AGAIN,80.09596252441406,"1533,167,2031,265"
FROM,94.43692779541016,"681,304,1120,403"
THIS,0,"1222,302,1572,402"
RECORD”,95.7581558227539,"1644,303,2345,419"
