word,confidence,bbox
PRINCE,96.8345947265625,"24,9,307,81"
PU,91.0770034790039,"341,11,438,83"
LUN’S,76.003997802734375,"474,14,694,85"
RECEPTION,96.50471496582031,"728,15,1153,91"
MOST,96.77324676513672,"1208,16,1413,86"
GORGEOUS,96.62943267822266,"195,104,598,214"
OF,96.93865203857422,"633,109,726,178"
FAIR,96.61748504638672,"759,111,935,180"
SOCIAL,96.61748504638672,"968,109,1234,214"
EVENTS,96.9231948852539,"1267,108,1566,214"
