word,confidence,bbox
WHAT,95.51758575439453,"6,21,324,110"
PROMINENT,95.940338134765625,"397,23,1089,111"
VISITORS.,52.06206512451172,"1150,23,1785,112"
HAVE,96.50538635253906,"504,142,787,231"
TO,95.08027648925781,"852,142,1010,230"
SAY,95.86958312988281,"1082,143,1275,230"
ABOUT,96.03514099121094,"1342,142,1744,233"
THE,96.73663330078125,"1810,144,2038,230"
FAIR,96.3438491821289,"2112,143,2350,231"
