word,confidence,bbox
SECRETARY,96.35145568847656,"50,4,897,121"
OF,96.35145568847656,"1001,13,1184,124"
WAR,96.48822784423828,"1285,17,1609,128"
:,0,"2226,0,2238,23"
~~,33.108299255371094,"18,229,200,259"
LAUDS,62.71001052856445,"473,150,938,262"
PRESIDENT’S,65.46649169921875,"1071,155,1991,274"
~~,44.96128845214844,"313,432,551,442"
POLICY,89.77204895019531,"782,293,1268,442"
IN,92.84538269042969,"1343,299,1466,407"
PHILIPPINES',39.83063507080078,"1549,248,2426,442"
