word,confidence,bbox
SIBERIAN,96.25806427001953,"10,12,364,96"
RAILWAY,96.55915069580078,"422,0,755,119"
JOURNEY,41.947425842285156,"809,0,1167,119"
A,96.7674331665039,"276,129,321,208"
FEATURE,96.48677825927734,"361,132,713,216"
OF,96.51557159423828,"753,140,849,218"
THE,96.66776275634766,"885,143,1040,223"
PIKE.,89.36102294921875,"1081,147,1269,228"
