word,confidence,bbox
FEATURES,96.15160369873047,"27,11,378,84"
OF,96.15160369873047,"415,16,498,84"
THE,93.1645736694336,"526,16,655,85"
WORLD’S,91.41858673095703,"687,17,996,87"
FAIR,96.4343490600586,"1032,18,1188,87"
==,45.14232635498047,"0,156,250,224"
STUDYING,96.14054870605469,"279,160,549,196"
THE,96.10783386230469,"578,160,681,197"
INDIANS.,94.123260498046875,"704,160,936,198"
=,12.664947509765625,"966,177,1218,196"
