word,confidence,bbox
NATION'S,17.542526245117188,"1,14,353,101"
CHIEF,94.79632568359375,"394,15,615,96"
EXECUTIVE,96.1640625,"654,15,1075,95"
ON,96.4444808959961,"1115,15,1215,95"
SPECIAL,72.04304504394531,"1256,15,1579,112"
TRAIN,96.93547821044922,"51,129,280,208"
GOES,95.24022674560547,"321,129,521,209"
DIRECT,94.0347671508789,"562,130,844,208"
TO,96.51236724853516,"878,129,978,208"
EXPOSITION,94.792633056640625,"1019,129,1474,209"
GROUNDS,84.86222076416016,"1515,128,1907,211"
