word,confidence,bbox
FEATURES,95.8016357421875,"88,48,438,120"
OF,96.93704986572266,"474,53,557,121"
THE,93.29522705078125,"586,53,716,124"
WORLD’S,92.38574981689453,"749,56,1056,126"
FAIR,96.56642150878906,"1094,60,1250,128"
TALK,96.39252471923828,"169,183,310,228"
WITH,96.5146255493164,"331,185,475,224"
SIR,96.6126937866211,"486,188,577,231"
HUGH,92.948944091796875,"592,189,745,226"
GILZEAN-REID.,91.97322082519531,"763,190,1148,234"
